id,provider_id,provider_code,capability_code,operation_type,feature_codes,display_name,description,model_name,model_display_name,model_version,endpoint_path,unit_type,unit_cost_points,minimum_points,pricing_unit,pricing_json,runtime_config_json,config_json,is_default,allow_user_select,enabled,priority,created_by,updated_by,created_at,updated_at
8,2,image_ai_creative_render,avatar_generation,image,{avatar_generation},ImageAICreativeRender Avatar Generation,Generate avatar images using internal ImageAICreativeRender provider.,internal_default,Internal Default,,,image,3.000000,3.000000,image,{},{},{},t,t,t,20,,ai_core_reset,2026-07-08 12:59:45.662651,2026-07-22 14:58:54.169322
10,2,image_ai_creative_render,character_generation,image,{character_generation},ImageAICreativeRender Character Generation,Generate reusable AI character master images using internal ImageAICreativeRender provider.,internal_default,Internal Default,,,image,3.000000,3.000000,image,{},{},{},t,t,t,20,,ai_core_reset,2026-07-08 12:59:45.662651,2026-07-22 14:58:54.169322
9,2,image_ai_creative_render,chibi_avatar_generation,image,{chibi_avatar_generation},ImageAICreativeRender Chibi Avatar Generation,Generate chibi avatars using internal ImageAICreativeRender provider.,internal_default,Internal Default,,,image,3.000000,3.000000,image,{},{},{},t,t,t,20,,ai_core_reset,2026-07-08 12:59:45.662651,2026-07-22 14:58:54.169322
38,2,image_ai_creative_render,scene_image_generation,image,{scene_image_render},ImageAICreativeRender Scene Generation,Render static scene images using internal ImageAICreativeRender provider.,internal_default,Internal Default,,,image,3.000000,3.000000,image,{},"{""seed_source"": ""manual_sql"", ""feature_code"": ""scene_image_render"", ""source_capability"": ""character_generation""}","{""seed_source"": ""manual_sql"", ""feature_code"": ""scene_image_render"", ""source_capability"": ""character_generation""}",t,t,t,20,manual_scene_seed,ai_core_reset,2026-07-17 20:31:58.941103,2026-07-22 14:58:54.169322
114,7,kie,dance_sell_motion_video,motion_video,{dance_sell},Dance Sell Motion Video,,kling-2.6/motion-control,Kling 2.6 Motion Control,,/api/v1/jobs/createTask,credits,0.000000,0.000000,credits,"{""usage_unit"": ""credits"", ""pricing_status"": ""requires_verification""}","{""allowed_modes"": [""720p""], ""poll_endpoint"": ""/api/v1/jobs/recordInfo"", ""operation_type"": ""motion_video"", ""allowed_character_orientations"": [""image""]}","{""allowed_modes"": [""720p""], ""poll_endpoint"": ""/api/v1/jobs/recordInfo"", ""operation_type"": ""motion_video"", ""allowed_character_orientations"": [""image""]}",t,t,t,100,ai_core_reset,ai_core_reset,2026-07-22 14:58:55.520462,2026-07-22 15:02:00.053623
112,7,kie,dance_sell_reference_image,reference_image,{dance_sell},Dance Sell Reference Image,,gpt-image-2-image-to-image,GPT Image 2 Image To Image,,/api/v1/jobs/createTask,credits,0.000000,0.000000,credits,"{""usage_unit"": ""credits"", ""pricing_status"": ""requires_verification""}","{""input_urls"": 2, ""poll_endpoint"": ""/api/v1/jobs/recordInfo"", ""operation_type"": ""reference_image"", ""default_aspect_ratio"": ""1:1""}","{""input_urls"": 2, ""poll_endpoint"": ""/api/v1/jobs/recordInfo"", ""operation_type"": ""reference_image"", ""default_aspect_ratio"": ""1:1""}",t,t,t,100,ai_core_reset,ai_core_reset,2026-07-22 14:58:54.169322,2026-07-22 15:02:00.053623
1,1,openrouter,avatar_generation,image,{avatar_generation},OpenRouter Avatar Generation,Generate avatar images using OpenRouter image models.,bytedance-seed/seedream-4.5,Seedream 4.5,,/images,image,3.000000,3.000000,image,{},"{""quality"": ""high"", ""resolution"": ""2K"", ""output_format"": ""png""}","{""quality"": ""high"", ""resolution"": ""2K"", ""output_format"": ""png""}",f,t,t,10,,ai_core_reset,2026-07-08 12:59:40.850591,2026-07-22 14:58:54.169322
3,1,openrouter,character_generation,image,{character_generation},OpenRouter Character Generation,Generate reusable AI character master images using OpenRouter image models.,bytedance-seed/seedream-4.5,Seedream 4.5,,/images,image,3.000000,3.000000,image,{},"{""quality"": ""high"", ""resolution"": ""2K"", ""output_format"": ""png""}","{""quality"": ""high"", ""resolution"": ""2K"", ""output_format"": ""png""}",f,t,f,10,,ai_core_reset,2026-07-08 12:59:40.850591,2026-07-22 14:58:54.169322
2,1,openrouter,chibi_avatar_generation,image,{chibi_avatar_generation},OpenRouter Chibi Avatar Generation,Generate chibi avatar images using OpenRouter image models.,bytedance-seed/seedream-4.5,Seedream 4.5,,/images,image,3.000000,3.000000,image,{},"{""quality"": ""high"", ""resolution"": ""2K"", ""output_format"": ""png""}","{""quality"": ""high"", ""resolution"": ""2K"", ""output_format"": ""png""}",f,t,f,10,,ai_core_reset,2026-07-08 12:59:40.850591,2026-07-22 14:58:54.169322
11,1,openrouter,image_generation,image,{image_generation},OpenRouter Image Generation,Create images from text prompts and optional reference images using OpenRouter Image API.,bytedance-seed/seedream-4.5,Seedream 4.5,,/images,image,3.000000,3.000000,image,{},"{""quality"": ""high"", ""resolution"": ""2K"", ""output_format"": ""png""}","{""quality"": ""high"", ""resolution"": ""2K"", ""output_format"": ""png""}",f,t,f,5,,ai_core_reset,2026-07-08 13:13:07.219058,2026-07-22 14:58:54.169322
7,1,openrouter,image_to_video,video,{image_to_video},OpenRouter Image To Video,Create video from prompt plus reference image/frame using OpenRouter Video API.,google/veo-3.1,Google Veo 3.1,,/images,second,1.000000,1.000000,second,{},"{""async"": true, ""method"": ""POST"", ""polling"": true, ""endpoint"": ""/videos"", ""maxDuration"": 30, ""minDuration"": 5, ""supportsPrompt"": true, ""defaultDuration"": 8, ""defaultResolution"": ""720p"", ""defaultAspectRatio"": ""16:9"", ""supportsAudioReference"": ""provider_dependent"", ""supportsImageReference"": true, ""supportsVideoReference"": ""provider_dependent"", ""initiallyDisabledUntilTested"": true}","{""async"": true, ""method"": ""POST"", ""polling"": true, ""endpoint"": ""/videos"", ""maxDuration"": 30, ""minDuration"": 5, ""supportsPrompt"": true, ""defaultDuration"": 8, ""defaultResolution"": ""720p"", ""defaultAspectRatio"": ""16:9"", ""supportsAudioReference"": ""provider_dependent"", ""supportsImageReference"": true, ""supportsVideoReference"": ""provider_dependent"", ""initiallyDisabledUntilTested"": true}",f,t,t,10,,ai_core_reset,2026-07-08 12:59:40.850591,2026-07-22 14:58:54.169322
4,1,openrouter,poster_generation,image,{poster_generation},OpenRouter Poster Generation,Generate posters or thumbnails using OpenRouter image models.,bytedance-seed/seedream-4.5,Seedream 4.5,,/images,image,3.000000,3.000000,image,{},"{""method"": ""POST"", ""quality"": ""high"", ""endpoint"": ""/images"", ""resolution"": ""1K"", ""outputFormat"": ""png"", ""defaultQuality"": ""high"", ""supportsPrompt"": true, ""defaultResolution"": ""1K"", ""supportsStreaming"": false, ""defaultAspectRatio"": ""16:9"", ""defaultOutputFormat"": ""png"", ""supportsHttpReference"": true, ""supportsReferenceImage"": true, ""supportsBase64Reference"": true}","{""method"": ""POST"", ""quality"": ""high"", ""endpoint"": ""/images"", ""resolution"": ""1K"", ""outputFormat"": ""png"", ""defaultQuality"": ""high"", ""supportsPrompt"": true, ""defaultResolution"": ""1K"", ""supportsStreaming"": false, ""defaultAspectRatio"": ""16:9"", ""defaultOutputFormat"": ""png"", ""supportsHttpReference"": true, ""supportsReferenceImage"": true, ""supportsBase64Reference"": true}",f,t,t,20,,ai_core_reset,2026-07-08 12:59:40.850591,2026-07-22 14:58:54.169322
6,1,openrouter,text_to_video,video,{text_to_video},OpenRouter Prompt To Video,Create video from text prompt and optional reference image using OpenRouter Video API.,google/veo-3.1,Google Veo 3.1,,/images,second,1.000000,1.000000,second,{},"{""async"": true, ""method"": ""POST"", ""polling"": true, ""endpoint"": ""/videos"", ""maxDuration"": 30, ""minDuration"": 5, ""supportsPrompt"": true, ""defaultDuration"": 8, ""defaultResolution"": ""720p"", ""defaultAspectRatio"": ""16:9"", ""supportsAudioReference"": ""provider_dependent"", ""supportsImageReference"": true, ""supportsVideoReference"": ""provider_dependent"", ""initiallyDisabledUntilTested"": true}","{""async"": true, ""method"": ""POST"", ""polling"": true, ""endpoint"": ""/videos"", ""maxDuration"": 30, ""minDuration"": 5, ""supportsPrompt"": true, ""defaultDuration"": 8, ""defaultResolution"": ""720p"", ""defaultAspectRatio"": ""16:9"", ""supportsAudioReference"": ""provider_dependent"", ""supportsImageReference"": true, ""supportsVideoReference"": ""provider_dependent"", ""initiallyDisabledUntilTested"": true}",t,t,t,10,,ai_core_reset,2026-07-08 12:59:40.850591,2026-07-22 14:58:54.169322
5,1,openrouter,thumbnail_generation,image,{thumbnail_generation},OpenRouter Thumbnail Generation,Generate service thumbnails using OpenRouter image models.,bytedance-seed/seedream-4.5,Seedream 4.5,,/images,image,3.000000,3.000000,image,{},"{""method"": ""POST"", ""quality"": ""high"", ""endpoint"": ""/images"", ""resolution"": ""1K"", ""outputFormat"": ""png"", ""defaultQuality"": ""high"", ""supportsPrompt"": true, ""defaultResolution"": ""1K"", ""supportsStreaming"": false, ""defaultAspectRatio"": ""9:16"", ""defaultOutputFormat"": ""png"", ""supportsHttpReference"": true, ""supportsReferenceImage"": true, ""supportsBase64Reference"": true}","{""method"": ""POST"", ""quality"": ""high"", ""endpoint"": ""/images"", ""resolution"": ""1K"", ""outputFormat"": ""png"", ""defaultQuality"": ""high"", ""supportsPrompt"": true, ""defaultResolution"": ""1K"", ""supportsStreaming"": false, ""defaultAspectRatio"": ""9:16"", ""defaultOutputFormat"": ""png"", ""supportsHttpReference"": true, ""supportsReferenceImage"": true, ""supportsBase64Reference"": true}",f,t,t,20,,ai_core_reset,2026-07-08 12:59:40.850591,2026-07-22 14:58:54.169322
18,4,yescale_task_image,avatar_generation,image,{avatar_generation},YEScale avatar_generation / cheap / gpt-image,,gpt-image,,,/task/submit,request,0.019200,0.000000,request,{},"{""size"": ""1024x1024"", ""quality"": ""low"", ""background"": ""transparent"", ""cost_source"": ""configured_tariff"", ""routing_role"": ""cheap"", ""point_formula"": ""usd * 8000 / 10000"", ""verified_async"": true, ""adapter_profile"": ""gpt_image"", ""verified_endpoint"": ""/task/submit"", ""mcp_verified_at_utc"": ""2026-07-15T18:53:03.6516197Z"", ""provider_estimated_cost_usd"": 0.024}","{""size"": ""1024x1024"", ""quality"": ""low"", ""background"": ""transparent"", ""cost_source"": ""configured_tariff"", ""routing_role"": ""cheap"", ""point_formula"": ""usd * 8000 / 10000"", ""verified_async"": true, ""adapter_profile"": ""gpt_image"", ""verified_endpoint"": ""/task/submit"", ""mcp_verified_at_utc"": ""2026-07-15T18:53:03.6516197Z"", ""provider_estimated_cost_usd"": 0.024}",f,t,t,100,manual_sql,ai_core_reset,2026-07-16 02:45:32.231162,2026-07-22 14:58:54.169322
17,4,yescale_task_image,avatar_generation,image,{avatar_generation},YEScale avatar_generation / default / nano-banana-2,,nano-banana-2,,,/task/submit,request,0.064000,0.000000,request,{},"{""size"": ""1K"", ""quality"": null, ""thinking"": ""minimal"", ""cost_source"": ""configured_tariff"", ""model_sizes"": {""seedream-5"": ""2K""}, ""routing_role"": ""default"", ""google_search"": ""disable"", ""point_formula"": ""usd * 8000 / 10000"", ""model_profiles"": {""seedream-5"": ""seedream_5""}, ""verified_async"": true, ""adapter_profile"": ""nano_banana_2"", ""fallback_models"": [""seedream-5""], ""verified_endpoint"": ""/task/submit"", ""mcp_verified_at_utc"": ""2026-07-15T18:53:03.6516197Z"", ""provider_estimated_cost_usd"": 0.08, ""transient_terminal_error_codes"": [""rate_limit"", ""temporarily_unavailable""]}","{""size"": ""1K"", ""quality"": null, ""thinking"": ""minimal"", ""cost_source"": ""configured_tariff"", ""model_sizes"": {""seedream-5"": ""2K""}, ""routing_role"": ""default"", ""google_search"": ""disable"", ""point_formula"": ""usd * 8000 / 10000"", ""model_profiles"": {""seedream-5"": ""seedream_5""}, ""verified_async"": true, ""adapter_profile"": ""nano_banana_2"", ""fallback_models"": [""seedream-5""], ""verified_endpoint"": ""/task/submit"", ""mcp_verified_at_utc"": ""2026-07-15T18:53:03.6516197Z"", ""provider_estimated_cost_usd"": 0.08, ""transient_terminal_error_codes"": [""rate_limit"", ""temporarily_unavailable""]}",f,t,t,100,manual_sql,ai_core_reset,2026-07-16 02:45:32.231162,2026-07-22 14:58:54.169322
19,4,yescale_task_image,avatar_generation,image,{avatar_generation},YEScale avatar_generation / backup / seedream-5,,seedream-5,,,/task/submit,request,0.052000,0.000000,request,{},"{""size"": ""2K"", ""quality"": null, ""cost_source"": ""configured_tariff"", ""routing_role"": ""backup"", ""point_formula"": ""usd * 8000 / 10000"", ""verified_async"": true, ""adapter_profile"": ""seedream_5"", ""verified_endpoint"": ""/task/submit"", ""mcp_verified_at_utc"": ""2026-07-15T18:53:03.6516197Z"", ""provider_estimated_cost_usd"": 0.065}","{""size"": ""2K"", ""quality"": null, ""cost_source"": ""configured_tariff"", ""routing_role"": ""backup"", ""point_formula"": ""usd * 8000 / 10000"", ""verified_async"": true, ""adapter_profile"": ""seedream_5"", ""verified_endpoint"": ""/task/submit"", ""mcp_verified_at_utc"": ""2026-07-15T18:53:03.6516197Z"", ""provider_estimated_cost_usd"": 0.065}",f,f,t,100,manual_sql,ai_core_reset,2026-07-16 02:45:32.231162,2026-07-22 14:58:54.169322
24,4,yescale_task_image,character_generation,image,{character_generation},YEScale character_generation / cheap / gpt-image,,gpt-image,,,/task/submit,request,0.019200,0.000000,request,{},"{""size"": ""1024x1024"", ""quality"": ""low"", ""background"": ""transparent"", ""cost_source"": ""configured_tariff"", ""routing_role"": ""cheap"", ""point_formula"": ""usd * 8000 / 10000"", ""verified_async"": true, ""adapter_profile"": ""gpt_image"", ""verified_endpoint"": ""/task/submit"", ""mcp_verified_at_utc"": ""2026-07-15T18:53:03.6516197Z"", ""provider_estimated_cost_usd"": 0.024}","{""size"": ""1024x1024"", ""quality"": ""low"", ""background"": ""transparent"", ""cost_source"": ""configured_tariff"", ""routing_role"": ""cheap"", ""point_formula"": ""usd * 8000 / 10000"", ""verified_async"": true, ""adapter_profile"": ""gpt_image"", ""verified_endpoint"": ""/task/submit"", ""mcp_verified_at_utc"": ""2026-07-15T18:53:03.6516197Z"", ""provider_estimated_cost_usd"": 0.024}",f,t,t,100,manual_sql,ai_core_reset,2026-07-16 02:45:32.231162,2026-07-22 14:58:54.169322
23,4,yescale_task_image,character_generation,image,{character_generation},YEScale character_generation / default / nano-banana-2,,nano-banana-2,,,/task/submit,request,0.064000,0.000000,request,{},"{""size"": ""1K"", ""quality"": null, ""thinking"": ""minimal"", ""cost_source"": ""configured_tariff"", ""model_sizes"": {""seedream-5"": ""2K""}, ""routing_role"": ""default"", ""google_search"": ""disable"", ""point_formula"": ""usd * 8000 / 10000"", ""model_profiles"": {""seedream-5"": ""seedream_5""}, ""verified_async"": true, ""adapter_profile"": ""nano_banana_2"", ""fallback_models"": [""seedream-5""], ""verified_endpoint"": ""/task/submit"", ""mcp_verified_at_utc"": ""2026-07-15T18:53:03.6516197Z"", ""provider_estimated_cost_usd"": 0.08, ""transient_terminal_error_codes"": [""rate_limit"", ""temporarily_unavailable""]}","{""size"": ""1K"", ""quality"": null, ""thinking"": ""minimal"", ""cost_source"": ""configured_tariff"", ""model_sizes"": {""seedream-5"": ""2K""}, ""routing_role"": ""default"", ""google_search"": ""disable"", ""point_formula"": ""usd * 8000 / 10000"", ""model_profiles"": {""seedream-5"": ""seedream_5""}, ""verified_async"": true, ""adapter_profile"": ""nano_banana_2"", ""fallback_models"": [""seedream-5""], ""verified_endpoint"": ""/task/submit"", ""mcp_verified_at_utc"": ""2026-07-15T18:53:03.6516197Z"", ""provider_estimated_cost_usd"": 0.08, ""transient_terminal_error_codes"": [""rate_limit"", ""temporarily_unavailable""]}",f,t,t,100,manual_sql,ai_core_reset,2026-07-16 02:45:32.231162,2026-07-22 14:58:54.169322
25,4,yescale_task_image,character_generation,image,{character_generation},YEScale character_generation / backup / seedream-5,,seedream-5,,,/task/submit,request,0.052000,0.000000,request,{},"{""size"": ""2K"", ""quality"": null, ""cost_source"": ""configured_tariff"", ""routing_role"": ""backup"", ""point_formula"": ""usd * 8000 / 10000"", ""verified_async"": true, ""adapter_profile"": ""seedream_5"", ""verified_endpoint"": ""/task/submit"", ""mcp_verified_at_utc"": ""2026-07-15T18:53:03.6516197Z"", ""provider_estimated_cost_usd"": 0.065}","{""size"": ""2K"", ""quality"": null, ""cost_source"": ""configured_tariff"", ""routing_role"": ""backup"", ""point_formula"": ""usd * 8000 / 10000"", ""verified_async"": true, ""adapter_profile"": ""seedream_5"", ""verified_endpoint"": ""/task/submit"", ""mcp_verified_at_utc"": ""2026-07-15T18:53:03.6516197Z"", ""provider_estimated_cost_usd"": 0.065}",f,f,t,100,manual_sql,ai_core_reset,2026-07-16 02:45:32.231162,2026-07-22 14:58:54.169322
21,4,yescale_task_image,chibi_avatar_generation,image,{chibi_avatar_generation},YEScale chibi_avatar_generation / cheap / gpt-image,,gpt-image,,,/task/submit,request,0.019200,0.000000,request,{},"{""size"": ""1024x1024"", ""quality"": ""low"", ""background"": ""transparent"", ""cost_source"": ""configured_tariff"", ""routing_role"": ""cheap"", ""point_formula"": ""usd * 8000 / 10000"", ""verified_async"": true, ""adapter_profile"": ""gpt_image"", ""verified_endpoint"": ""/task/submit"", ""mcp_verified_at_utc"": ""2026-07-15T18:53:03.6516197Z"", ""provider_estimated_cost_usd"": 0.024}","{""size"": ""1024x1024"", ""quality"": ""low"", ""background"": ""transparent"", ""cost_source"": ""configured_tariff"", ""routing_role"": ""cheap"", ""point_formula"": ""usd * 8000 / 10000"", ""verified_async"": true, ""adapter_profile"": ""gpt_image"", ""verified_endpoint"": ""/task/submit"", ""mcp_verified_at_utc"": ""2026-07-15T18:53:03.6516197Z"", ""provider_estimated_cost_usd"": 0.024}",f,t,t,100,manual_sql,ai_core_reset,2026-07-16 02:45:32.231162,2026-07-22 14:58:54.169322
20,4,yescale_task_image,chibi_avatar_generation,image,{chibi_avatar_generation},YEScale chibi_avatar_generation / default / nano-banana-2,,nano-banana-2,,,/task/submit,request,0.064000,0.000000,request,{},"{""size"": ""1K"", ""quality"": null, ""thinking"": ""minimal"", ""cost_source"": ""configured_tariff"", ""model_sizes"": {""seedream-5"": ""2K""}, ""routing_role"": ""default"", ""google_search"": ""disable"", ""point_formula"": ""usd * 8000 / 10000"", ""model_profiles"": {""seedream-5"": ""seedream_5""}, ""verified_async"": true, ""adapter_profile"": ""nano_banana_2"", ""fallback_models"": [""seedream-5""], ""verified_endpoint"": ""/task/submit"", ""mcp_verified_at_utc"": ""2026-07-15T18:53:03.6516197Z"", ""provider_estimated_cost_usd"": 0.08, ""transient_terminal_error_codes"": [""rate_limit"", ""temporarily_unavailable""]}","{""size"": ""1K"", ""quality"": null, ""thinking"": ""minimal"", ""cost_source"": ""configured_tariff"", ""model_sizes"": {""seedream-5"": ""2K""}, ""routing_role"": ""default"", ""google_search"": ""disable"", ""point_formula"": ""usd * 8000 / 10000"", ""model_profiles"": {""seedream-5"": ""seedream_5""}, ""verified_async"": true, ""adapter_profile"": ""nano_banana_2"", ""fallback_models"": [""seedream-5""], ""verified_endpoint"": ""/task/submit"", ""mcp_verified_at_utc"": ""2026-07-15T18:53:03.6516197Z"", ""provider_estimated_cost_usd"": 0.08, ""transient_terminal_error_codes"": [""rate_limit"", ""temporarily_unavailable""]}",f,t,t,100,manual_sql,ai_core_reset,2026-07-16 02:45:32.231162,2026-07-22 14:58:54.169322
22,4,yescale_task_image,chibi_avatar_generation,image,{chibi_avatar_generation},YEScale chibi_avatar_generation / backup / seedream-5,,seedream-5,,,/task/submit,request,0.052000,0.000000,request,{},"{""size"": ""2K"", ""quality"": null, ""cost_source"": ""configured_tariff"", ""routing_role"": ""backup"", ""point_formula"": ""usd * 8000 / 10000"", ""verified_async"": true, ""adapter_profile"": ""seedream_5"", ""verified_endpoint"": ""/task/submit"", ""mcp_verified_at_utc"": ""2026-07-15T18:53:03.6516197Z"", ""provider_estimated_cost_usd"": 0.065}","{""size"": ""2K"", ""quality"": null, ""cost_source"": ""configured_tariff"", ""routing_role"": ""backup"", ""point_formula"": ""usd * 8000 / 10000"", ""verified_async"": true, ""adapter_profile"": ""seedream_5"", ""verified_endpoint"": ""/task/submit"", ""mcp_verified_at_utc"": ""2026-07-15T18:53:03.6516197Z"", ""provider_estimated_cost_usd"": 0.065}",f,f,t,100,manual_sql,ai_core_reset,2026-07-16 02:45:32.231162,2026-07-22 14:58:54.169322
16,4,yescale_task_image,image_generation,image,{image_generation},YEScale image_generation / cheap / gpt-image,,gpt-image,,,/task/submit,request,0.019200,0.000000,request,{},"{""size"": ""1024x1024"", ""quality"": ""low"", ""background"": ""transparent"", ""cost_source"": ""configured_tariff"", ""routing_role"": ""cheap"", ""point_formula"": ""usd * 8000 / 10000"", ""verified_async"": true, ""adapter_profile"": ""gpt_image"", ""verified_endpoint"": ""/task/submit"", ""mcp_verified_at_utc"": ""2026-07-15T18:53:03.6516197Z"", ""provider_estimated_cost_usd"": 0.024}","{""size"": ""1024x1024"", ""quality"": ""low"", ""background"": ""transparent"", ""cost_source"": ""configured_tariff"", ""routing_role"": ""cheap"", ""point_formula"": ""usd * 8000 / 10000"", ""verified_async"": true, ""adapter_profile"": ""gpt_image"", ""verified_endpoint"": ""/task/submit"", ""mcp_verified_at_utc"": ""2026-07-15T18:53:03.6516197Z"", ""provider_estimated_cost_usd"": 0.024}",f,t,t,100,manual_sql,ai_core_reset,2026-07-16 00:42:01.721612,2026-07-22 14:58:54.169322
14,4,yescale_task_image,image_generation,image,{image_generation},YEScale image_generation / default / nano-banana-2,,nano-banana-2,,,/task/submit,request,0.064000,0.000000,request,{},"{""size"": ""1K"", ""quality"": null, ""thinking"": ""minimal"", ""cost_source"": ""configured_tariff"", ""model_sizes"": {""seedream-5"": ""2K""}, ""routing_role"": ""default"", ""google_search"": ""disable"", ""point_formula"": ""usd * 8000 / 10000"", ""model_profiles"": {""seedream-5"": ""seedream_5""}, ""verified_async"": true, ""adapter_profile"": ""nano_banana_2"", ""fallback_models"": [""seedream-5""], ""verified_endpoint"": ""/task/submit"", ""mcp_verified_at_utc"": ""2026-07-15T18:53:03.6516197Z"", ""provider_estimated_cost_usd"": 0.08, ""transient_terminal_error_codes"": [""rate_limit"", ""temporarily_unavailable""]}","{""size"": ""1K"", ""quality"": null, ""thinking"": ""minimal"", ""cost_source"": ""configured_tariff"", ""model_sizes"": {""seedream-5"": ""2K""}, ""routing_role"": ""default"", ""google_search"": ""disable"", ""point_formula"": ""usd * 8000 / 10000"", ""model_profiles"": {""seedream-5"": ""seedream_5""}, ""verified_async"": true, ""adapter_profile"": ""nano_banana_2"", ""fallback_models"": [""seedream-5""], ""verified_endpoint"": ""/task/submit"", ""mcp_verified_at_utc"": ""2026-07-15T18:53:03.6516197Z"", ""provider_estimated_cost_usd"": 0.08, ""transient_terminal_error_codes"": [""rate_limit"", ""temporarily_unavailable""]}",t,t,t,100,manual_sql,ai_core_reset,2026-07-16 00:42:01.721612,2026-07-22 14:58:54.169322
15,4,yescale_task_image,image_generation,image,{image_generation},YEScale image_generation / backup / seedream-5,,seedream-5,,,/task/submit,request,0.052000,0.000000,request,{},"{""size"": ""2K"", ""quality"": null, ""cost_source"": ""configured_tariff"", ""routing_role"": ""backup"", ""point_formula"": ""usd * 8000 / 10000"", ""verified_async"": true, ""adapter_profile"": ""seedream_5"", ""verified_endpoint"": ""/task/submit"", ""mcp_verified_at_utc"": ""2026-07-15T18:53:03.6516197Z"", ""provider_estimated_cost_usd"": 0.065}","{""size"": ""2K"", ""quality"": null, ""cost_source"": ""configured_tariff"", ""routing_role"": ""backup"", ""point_formula"": ""usd * 8000 / 10000"", ""verified_async"": true, ""adapter_profile"": ""seedream_5"", ""verified_endpoint"": ""/task/submit"", ""mcp_verified_at_utc"": ""2026-07-15T18:53:03.6516197Z"", ""provider_estimated_cost_usd"": 0.065}",f,f,t,100,manual_sql,ai_core_reset,2026-07-16 00:42:01.721612,2026-07-22 14:58:54.169322
33,4,yescale_task_image,poster_generation,image,{poster_generation},YEScale poster_generation / cheap / gpt-image,,gpt-image,,,/task/submit,request,0.019200,0.000000,request,{},"{""size"": ""1024x1024"", ""quality"": ""low"", ""background"": ""transparent"", ""cost_source"": ""configured_tariff"", ""routing_role"": ""cheap"", ""point_formula"": ""usd * 8000 / 10000"", ""verified_async"": true, ""adapter_profile"": ""gpt_image"", ""verified_endpoint"": ""/task/submit"", ""mcp_verified_at_utc"": ""2026-07-15T18:53:03.6516197Z"", ""provider_estimated_cost_usd"": 0.024}","{""size"": ""1024x1024"", ""quality"": ""low"", ""background"": ""transparent"", ""cost_source"": ""configured_tariff"", ""routing_role"": ""cheap"", ""point_formula"": ""usd * 8000 / 10000"", ""verified_async"": true, ""adapter_profile"": ""gpt_image"", ""verified_endpoint"": ""/task/submit"", ""mcp_verified_at_utc"": ""2026-07-15T18:53:03.6516197Z"", ""provider_estimated_cost_usd"": 0.024}",f,t,t,100,manual_sql,ai_core_reset,2026-07-16 02:45:32.231162,2026-07-22 14:58:54.169322
32,4,yescale_task_image,poster_generation,image,{poster_generation},YEScale poster_generation / default / nano-banana-2,,nano-banana-2,,,/task/submit,request,0.064000,0.000000,request,{},"{""size"": ""1K"", ""quality"": null, ""thinking"": ""minimal"", ""cost_source"": ""configured_tariff"", ""model_sizes"": {""seedream-5"": ""2K""}, ""routing_role"": ""default"", ""google_search"": ""disable"", ""point_formula"": ""usd * 8000 / 10000"", ""model_profiles"": {""seedream-5"": ""seedream_5""}, ""verified_async"": true, ""adapter_profile"": ""nano_banana_2"", ""fallback_models"": [""seedream-5""], ""verified_endpoint"": ""/task/submit"", ""mcp_verified_at_utc"": ""2026-07-15T18:53:03.6516197Z"", ""provider_estimated_cost_usd"": 0.08, ""transient_terminal_error_codes"": [""rate_limit"", ""temporarily_unavailable""]}","{""size"": ""1K"", ""quality"": null, ""thinking"": ""minimal"", ""cost_source"": ""configured_tariff"", ""model_sizes"": {""seedream-5"": ""2K""}, ""routing_role"": ""default"", ""google_search"": ""disable"", ""point_formula"": ""usd * 8000 / 10000"", ""model_profiles"": {""seedream-5"": ""seedream_5""}, ""verified_async"": true, ""adapter_profile"": ""nano_banana_2"", ""fallback_models"": [""seedream-5""], ""verified_endpoint"": ""/task/submit"", ""mcp_verified_at_utc"": ""2026-07-15T18:53:03.6516197Z"", ""provider_estimated_cost_usd"": 0.08, ""transient_terminal_error_codes"": [""rate_limit"", ""temporarily_unavailable""]}",t,t,t,100,manual_sql,ai_core_reset,2026-07-16 02:45:32.231162,2026-07-22 14:58:54.169322
34,4,yescale_task_image,poster_generation,image,{poster_generation},YEScale poster_generation / backup / seedream-5,,seedream-5,,,/task/submit,request,0.052000,0.000000,request,{},"{""size"": ""2K"", ""quality"": null, ""cost_source"": ""configured_tariff"", ""routing_role"": ""backup"", ""point_formula"": ""usd * 8000 / 10000"", ""verified_async"": true, ""adapter_profile"": ""seedream_5"", ""verified_endpoint"": ""/task/submit"", ""mcp_verified_at_utc"": ""2026-07-15T18:53:03.6516197Z"", ""provider_estimated_cost_usd"": 0.065}","{""size"": ""2K"", ""quality"": null, ""cost_source"": ""configured_tariff"", ""routing_role"": ""backup"", ""point_formula"": ""usd * 8000 / 10000"", ""verified_async"": true, ""adapter_profile"": ""seedream_5"", ""verified_endpoint"": ""/task/submit"", ""mcp_verified_at_utc"": ""2026-07-15T18:53:03.6516197Z"", ""provider_estimated_cost_usd"": 0.065}",f,f,t,100,manual_sql,ai_core_reset,2026-07-16 02:45:32.231162,2026-07-22 14:58:54.169322
30,4,yescale_task_image,scene_image_generation,image,{scene_image_generation},YEScale scene_image_generation / cheap / gpt-image,,gpt-image,,,/task/submit,request,0.019200,0.000000,request,{},"{""size"": ""1024x1024"", ""quality"": ""low"", ""background"": ""transparent"", ""cost_source"": ""configured_tariff"", ""routing_role"": ""cheap"", ""point_formula"": ""usd * 8000 / 10000"", ""verified_async"": true, ""adapter_profile"": ""gpt_image"", ""verified_endpoint"": ""/task/submit"", ""mcp_verified_at_utc"": ""2026-07-15T18:53:03.6516197Z"", ""provider_estimated_cost_usd"": 0.024}","{""size"": ""1024x1024"", ""quality"": ""low"", ""background"": ""transparent"", ""cost_source"": ""configured_tariff"", ""routing_role"": ""cheap"", ""point_formula"": ""usd * 8000 / 10000"", ""verified_async"": true, ""adapter_profile"": ""gpt_image"", ""verified_endpoint"": ""/task/submit"", ""mcp_verified_at_utc"": ""2026-07-15T18:53:03.6516197Z"", ""provider_estimated_cost_usd"": 0.024}",f,t,t,100,manual_sql,ai_core_reset,2026-07-16 02:45:32.231162,2026-07-22 14:58:54.169322
29,4,yescale_task_image,scene_image_generation,image,{scene_image_generation},YEScale scene_image_generation / default / nano-banana-2,,nano-banana-2,,,/task/submit,request,0.064000,0.000000,request,{},"{""size"": ""1K"", ""quality"": null, ""thinking"": ""minimal"", ""cost_source"": ""configured_tariff"", ""model_sizes"": {""seedream-5"": ""2K""}, ""routing_role"": ""default"", ""google_search"": ""disable"", ""point_formula"": ""usd * 8000 / 10000"", ""model_profiles"": {""seedream-5"": ""seedream_5""}, ""verified_async"": true, ""adapter_profile"": ""nano_banana_2"", ""fallback_models"": [""seedream-5""], ""verified_endpoint"": ""/task/submit"", ""mcp_verified_at_utc"": ""2026-07-15T18:53:03.6516197Z"", ""provider_estimated_cost_usd"": 0.08, ""transient_terminal_error_codes"": [""rate_limit"", ""temporarily_unavailable""]}","{""size"": ""1K"", ""quality"": null, ""thinking"": ""minimal"", ""cost_source"": ""configured_tariff"", ""model_sizes"": {""seedream-5"": ""2K""}, ""routing_role"": ""default"", ""google_search"": ""disable"", ""point_formula"": ""usd * 8000 / 10000"", ""model_profiles"": {""seedream-5"": ""seedream_5""}, ""verified_async"": true, ""adapter_profile"": ""nano_banana_2"", ""fallback_models"": [""seedream-5""], ""verified_endpoint"": ""/task/submit"", ""mcp_verified_at_utc"": ""2026-07-15T18:53:03.6516197Z"", ""provider_estimated_cost_usd"": 0.08, ""transient_terminal_error_codes"": [""rate_limit"", ""temporarily_unavailable""]}",f,t,t,100,manual_sql,ai_core_reset,2026-07-16 02:45:32.231162,2026-07-22 14:58:54.169322
31,4,yescale_task_image,scene_image_generation,image,{scene_image_generation},YEScale scene_image_generation / backup / seedream-5,,seedream-5,,,/task/submit,request,0.052000,0.000000,request,{},"{""size"": ""2K"", ""quality"": null, ""cost_source"": ""configured_tariff"", ""routing_role"": ""backup"", ""point_formula"": ""usd * 8000 / 10000"", ""verified_async"": true, ""adapter_profile"": ""seedream_5"", ""verified_endpoint"": ""/task/submit"", ""mcp_verified_at_utc"": ""2026-07-15T18:53:03.6516197Z"", ""provider_estimated_cost_usd"": 0.065}","{""size"": ""2K"", ""quality"": null, ""cost_source"": ""configured_tariff"", ""routing_role"": ""backup"", ""point_formula"": ""usd * 8000 / 10000"", ""verified_async"": true, ""adapter_profile"": ""seedream_5"", ""verified_endpoint"": ""/task/submit"", ""mcp_verified_at_utc"": ""2026-07-15T18:53:03.6516197Z"", ""provider_estimated_cost_usd"": 0.065}",f,f,t,100,manual_sql,ai_core_reset,2026-07-16 02:45:32.231162,2026-07-22 14:58:54.169322
36,4,yescale_task_image,thumbnail_generation,image,{thumbnail_generation},YEScale thumbnail_generation / cheap / gpt-image,,gpt-image,,,/task/submit,request,0.019200,0.000000,request,{},"{""size"": ""1024x1024"", ""quality"": ""low"", ""background"": ""transparent"", ""cost_source"": ""configured_tariff"", ""routing_role"": ""cheap"", ""point_formula"": ""usd * 8000 / 10000"", ""verified_async"": true, ""adapter_profile"": ""gpt_image"", ""verified_endpoint"": ""/task/submit"", ""mcp_verified_at_utc"": ""2026-07-15T18:53:03.6516197Z"", ""provider_estimated_cost_usd"": 0.024}","{""size"": ""1024x1024"", ""quality"": ""low"", ""background"": ""transparent"", ""cost_source"": ""configured_tariff"", ""routing_role"": ""cheap"", ""point_formula"": ""usd * 8000 / 10000"", ""verified_async"": true, ""adapter_profile"": ""gpt_image"", ""verified_endpoint"": ""/task/submit"", ""mcp_verified_at_utc"": ""2026-07-15T18:53:03.6516197Z"", ""provider_estimated_cost_usd"": 0.024}",f,t,t,100,manual_sql,ai_core_reset,2026-07-16 02:45:32.231162,2026-07-22 14:58:54.169322
35,4,yescale_task_image,thumbnail_generation,image,{thumbnail_generation},YEScale thumbnail_generation / default / nano-banana-2,,nano-banana-2,,,/task/submit,request,0.064000,0.000000,request,{},"{""size"": ""1K"", ""quality"": null, ""thinking"": ""minimal"", ""cost_source"": ""configured_tariff"", ""model_sizes"": {""seedream-5"": ""2K""}, ""routing_role"": ""default"", ""google_search"": ""disable"", ""point_formula"": ""usd * 8000 / 10000"", ""model_profiles"": {""seedream-5"": ""seedream_5""}, ""verified_async"": true, ""adapter_profile"": ""nano_banana_2"", ""fallback_models"": [""seedream-5""], ""verified_endpoint"": ""/task/submit"", ""mcp_verified_at_utc"": ""2026-07-15T18:53:03.6516197Z"", ""provider_estimated_cost_usd"": 0.08, ""transient_terminal_error_codes"": [""rate_limit"", ""temporarily_unavailable""]}","{""size"": ""1K"", ""quality"": null, ""thinking"": ""minimal"", ""cost_source"": ""configured_tariff"", ""model_sizes"": {""seedream-5"": ""2K""}, ""routing_role"": ""default"", ""google_search"": ""disable"", ""point_formula"": ""usd * 8000 / 10000"", ""model_profiles"": {""seedream-5"": ""seedream_5""}, ""verified_async"": true, ""adapter_profile"": ""nano_banana_2"", ""fallback_models"": [""seedream-5""], ""verified_endpoint"": ""/task/submit"", ""mcp_verified_at_utc"": ""2026-07-15T18:53:03.6516197Z"", ""provider_estimated_cost_usd"": 0.08, ""transient_terminal_error_codes"": [""rate_limit"", ""temporarily_unavailable""]}",t,t,t,100,manual_sql,ai_core_reset,2026-07-16 02:45:32.231162,2026-07-22 14:58:54.169322
37,4,yescale_task_image,thumbnail_generation,image,{thumbnail_generation},YEScale thumbnail_generation / backup / seedream-5,,seedream-5,,,/task/submit,request,0.052000,0.000000,request,{},"{""size"": ""2K"", ""quality"": null, ""cost_source"": ""configured_tariff"", ""routing_role"": ""backup"", ""point_formula"": ""usd * 8000 / 10000"", ""verified_async"": true, ""adapter_profile"": ""seedream_5"", ""verified_endpoint"": ""/task/submit"", ""mcp_verified_at_utc"": ""2026-07-15T18:53:03.6516197Z"", ""provider_estimated_cost_usd"": 0.065}","{""size"": ""2K"", ""quality"": null, ""cost_source"": ""configured_tariff"", ""routing_role"": ""backup"", ""point_formula"": ""usd * 8000 / 10000"", ""verified_async"": true, ""adapter_profile"": ""seedream_5"", ""verified_endpoint"": ""/task/submit"", ""mcp_verified_at_utc"": ""2026-07-15T18:53:03.6516197Z"", ""provider_estimated_cost_usd"": 0.065}",f,f,t,100,manual_sql,ai_core_reset,2026-07-16 02:45:32.231162,2026-07-22 14:58:54.169322
39,6,yescale_task_video,image_to_video,video,{image_to_video},YEScale image_to_video / omni-flash,Render scene video from the selected image using YEScale Omni Flash.,omni-flash,,,/task/submit,request,0.296000,0.296000,request,{},"{""mode"": ""i2v(img_ref)"", ""pricing"": {""rules"": [{""match"": {""mode"": ""i2v(img_ref)"", ""model"": ""omni-flash""}, ""ruleKey"": ""omni-flash|i2v(img_ref)"", ""costSource"": ""configured_tariff"", ""chargedPoints"": 0.296, ""providerEstimatedCostUsd"": 0.37}, {""match"": {""mode"": ""v2v"", ""model"": ""omni-flash""}, ""ruleKey"": ""omni-flash|v2v"", ""costSource"": ""configured_tariff"", ""chargedPoints"": 0.376, ""providerEstimatedCostUsd"": 0.47}]}, ""cost_source"": ""configured_tariff"", ""aspect_ratios"": [""16:9"", ""9:16""], ""supported_modes"": [""t2v"", ""i2v(img_ref)"", ""i2v(first_last_frame)"", ""v2v""], ""max_prompt_characters"": 4096, ""provider_estimated_cost_usd"": 0.37}","{""mode"": ""i2v(img_ref)"", ""pricing"": {""rules"": [{""match"": {""mode"": ""i2v(img_ref)"", ""model"": ""omni-flash""}, ""ruleKey"": ""omni-flash|i2v(img_ref)"", ""costSource"": ""configured_tariff"", ""chargedPoints"": 0.296, ""providerEstimatedCostUsd"": 0.37}, {""match"": {""mode"": ""v2v"", ""model"": ""omni-flash""}, ""ruleKey"": ""omni-flash|v2v"", ""costSource"": ""configured_tariff"", ""chargedPoints"": 0.376, ""providerEstimatedCostUsd"": 0.47}]}, ""cost_source"": ""configured_tariff"", ""aspect_ratios"": [""16:9"", ""9:16""], ""supported_modes"": [""t2v"", ""i2v(img_ref)"", ""i2v(first_last_frame)"", ""v2v""], ""max_prompt_characters"": 4096, ""provider_estimated_cost_usd"": 0.37}",t,t,t,100,manual_sql_omni_flash,ai_core_reset,2026-07-20 08:25:31.091224,2026-07-22 14:58:54.169322
